flight_id,s_dep,flight_month,flight_dom,flight_dow,s_arr,city_arr,model,fuel_consum_per_h,a_dep,a_arr,delay_dep_mins,delay_arr_mins,flight_time_h,fuel_cost,lease_pay,salary,food_cost,total_seats,seats_eco,seats_bus,total_seats_sold,revenue_eco,revenue_bus,revenue_total,flight_profit,flight_margin,profit_per_hour,profit_per_seat,profit_per_passenger
136698,2016-12-01T09:25:00Z,12.0,1.0,4.0,2016-12-01T10:15:00Z,Belgorod,Sukhoi Superjet-100,1700,2016-12-01T09:30:00Z,2016-12-01T10:19:00Z,5.0,4.0,0.8166666666666667,52756.666666666664,96500,20062.500000000000,70050,97,85,12,94,519600.00,226800.00,746400.00,507030.8333333334,0.6793017595569847,620854.0816326531,5227.121993127148,5393.9450354609935
136187,2016-12-01T10:05:00Z,12.0,1.0,4.0,2016-12-01T11:45:00Z,Moscow,Boeing 737-300,2400,2016-12-01T10:09:00Z,2016-12-01T11:49:00Z,4.0,4.0,1.6666666666666667,152000.0,182500,26750.000000000000,88425,130,118,12,129,1434600.00,439200.00,1873800.00,1424125.0,0.7600197459707546,854475.0,10954.807692307691,11039.728682170542
136774,2016-12-02T09:25:00Z,12.0,2.0,5.0,2016-12-02T10:15:00Z,Belgorod,Sukhoi Superjet-100,1700,2016-12-02T09:27:00Z,2016-12-02T10:17:00Z,2.0,2.0,0.8333333333333334,53833.333333333336,96500,20062.500000000000,69525,97,85,12,93,513300.00,226800.00,740100.00,500179.1666666666,0.6758264648921316,600214.9999999999,5156.4862542955325,5378.270609318996
136474,2016-12-02T10:05:00Z,12.0,2.0,5.0,2016-12-02T11:45:00Z,Moscow,Boeing 737-300,2400,2016-12-02T10:06:00Z,2016-12-02T11:44:00Z,1.0,-1.0,1.6333333333333333,148960.0,182500,26750.000000000000,88950,130,118,12,130,1446800.00,439200.00,1886000.00,1438840.0,0.7629056203605514,880922.4489795918,11068.0,11068.0
136873,2016-12-03T09:25:00Z,12.0,3.0,6.0,2016-12-03T10:15:00Z,Belgorod,Sukhoi Superjet-100,1700,2016-12-03T09:26:00Z,2016-12-03T10:17:00Z,1.0,2.0,0.85,54910.0,96500,20062.500000000000,71100,97,85,12,96,532200.00,226800.00,759000.00,516427.5,0.680405138339921,607561.7647058824,5323.994845360825,5379.453125
136391,2016-12-03T10:05:00Z,12.0,3.0,6.0,2016-12-03T11:45:00Z,Moscow,Boeing 737-300,2400,2016-12-03T10:08:00Z,2016-12-03T11:48:00Z,3.0,3.0,1.6666666666666667,152000.0,182500,26750.000000000000,73425,130,118,12,107,1190600.00,366000.00,1556600.00,1121925.0,0.720753565463189,673155.0,8630.192307692309,10485.280373831776
136843,2016-12-04T09:25:00Z,12.0,4.0,0.0,2016-12-04T10:15:00Z,Belgorod,Sukhoi Superjet-100,1700,2016-12-04T09:30:00Z,2016-12-04T10:20:00Z,5.0,5.0,0.8333333333333334,53833.333333333336,96500,20062.500000000000,59925,97,85,12,78,424500.00,207900.00,632400.00,402079.1666666666,0.6357988087708201,482494.99999999994,4145.146048109965,5154.86111111111
136306,2016-12-04T10:05:00Z,12.0,4.0,0.0,2016-12-04T11:45:00Z,Moscow,Boeing 737-300,2400,2016-12-04T10:10:00Z,2016-12-04T11:50:00Z,5.0,5.0,1.6666666666666667,152000.0,182500,26750.000000000000,67350,130,118,12,102,1150400.00,292800.00,1443200.00,1014600.0,0.7030210643015521,608760.0,7804.615384615385,9947.058823529413
136943,2016-12-05T09:25:00Z,12.0,5.0,1.0,2016-12-05T10:15:00Z,Belgorod,Sukhoi Superjet-100,1700,2016-12-05T09:28:00Z,2016-12-05T10:18:00Z,3.0,3.0,0.8333333333333334,53833.333333333336,96500,20062.500000000000,68325,97,85,12,94,525900.00,207900.00,733800.00,495079.1666666666,0.6746786136095212,594094.9999999999,5103.908934707903,5266.7996453900705
136324,2016-12-05T10:05:00Z,12.0,5.0,1.0,2016-12-05T11:45:00Z,Moscow,Boeing 737-300,2400,2016-12-05T10:09:00Z,2016-12-05T11:50:00Z,4.0,5.0,1.6833333333333333,153520.0,182500,26750.000000000000,77475,130,118,12,118,1337000.00,329400.00,1666400.00,1226155.0,0.7358107297167547,728408.9108910891,9431.961538461539,10391.14406779661
136534,2016-12-06T06:10:00Z,12.0,6.0,2.0,2016-12-06T11:15:00Z,Novokuznetsk,Boeing 737-300,2400,2016-12-06T06:13:00Z,2016-12-06T11:17:00Z,3.0,2.0,5.066666666666666,462080.0,365300,61500,0,130,118,12,0,0,0,0,-888880.0,0.0,0.0,0.0,0.0
136793,2016-12-06T09:25:00Z,12.0,6.0,2.0,2016-12-06T10:15:00Z,Belgorod,Sukhoi Superjet-100,1700,2016-12-06T09:31:00Z,2016-12-06T10:21:00Z,6.0,6.0,0.8333333333333334,53833.333333333336,96500,20062.500000000000,71625,97,85,12,97,538500.00,226800.00,765300.00,523279.1666666666,0.6837569144997604,627934.9999999999,5394.6305841924395,5394.6305841924395
136450,2016-12-06T10:05:00Z,12.0,6.0,2.0,2016-12-06T11:45:00Z,Moscow,Boeing 737-300,2400,2016-12-06T10:06:00Z,2016-12-06T11:48:00Z,1.0,3.0,1.7,155040.0,182500,26750.000000000000,73425,130,118,12,107,1188200.00,366000.00,1554200.00,1116485.0,0.7183663621155578,656755.8823529412,8588.346153846154,10434.43925233645
136805,2016-12-07T09:25:00Z,12.0,7.0,3.0,2016-12-07T10:15:00Z,Belgorod,Sukhoi Superjet-100,1700,2016-12-07T09:28:00Z,2016-12-07T10:18:00Z,3.0,3.0,0.8333333333333334,53833.333333333336,96500,20062.500000000000,69375,97,85,12,96,538500.00,207900.00,746400.00,506629.1666666666,0.6787636209360486,607954.9999999999,5222.981099656357,5277.387152777777
136418,2016-12-07T10:05:00Z,12.0,7.0,3.0,2016-12-07T11:45:00Z,Moscow,Boeing 737-300,2400,2016-12-07T10:07:00Z,2016-12-07T11:47:00Z,2.0,2.0,1.6666666666666667,152000.0,182500,26750.000000000000,66450,130,118,12,97,1078400.00,329400.00,1407800.00,980100.0,0.6961926410001421,588060.0,7539.2307692307695,10104.123711340206
136768,2016-12-08T09:25:00Z,12.0,8.0,4.0,2016-12-08T10:15:00Z,Belgorod,Sukhoi Superjet-100,1700,2016-12-08T09:27:00Z,2016-12-08T10:17:00Z,2.0,2.0,0.8333333333333334,53833.333333333336,96500,20062.500000000000,71625,97,85,12,97,538500.00,226800.00,765300.00,523279.1666666666,0.6837569144997604,627934.9999999999,5394.6305841924395,5394.6305841924395
136491,2016-12-08T10:05:00Z,12.0,8.0,4.0,2016-12-08T11:45:00Z,Moscow,Boeing 737-300,2400,2016-12-08T10:08:00Z,2016-12-08T11:49:00Z,3.0,4.0,1.6833333333333333,153520.0,182500,26750.000000000000,71325,130,118,12,103,1139400.00,366000.00,1505400.00,1071305.0,0.711641424206191,636418.8118811881,8240.807692307691,10401.019417475729
136800,2016-12-09T09:25:00Z,12.0,9.0,5.0,2016-12-09T10:15:00Z,Belgorod,Sukhoi Superjet-100,1700,2016-12-09T09:27:00Z,2016-12-09T10:18:00Z,2.0,3.0,0.85,54910.0,96500,20062.500000000000,60300,97,85,12,82,456000.00,189000.00,645000.00,413227.5,0.6406627906976744,486150.0,4260.077319587629,5039.359756097561
136273,2016-12-09T10:05:00Z,12.0,9.0,5.0,2016-12-09T11:45:00Z,Moscow,Boeing 737-300,2400,2016-12-09T10:06:00Z,2016-12-09T11:45:00Z,1.0,0.0,1.65,150480.0,182500,26750.000000000000,88425,130,118,12,129,1434600.00,439200.00,1873800.00,1425645.0,0.7608309317963496,864027.2727272728,10966.5,11051.511627906977
136913,2016-12-10T09:25:00Z,12.0,10.0,6.0,2016-12-10T10:15:00Z,Belgorod,Sukhoi Superjet-100,1700,2016-12-10T09:30:00Z,2016-12-10T10:19:00Z,5.0,4.0,0.8166666666666667,52756.666666666664,96500,20062.500000000000,64500,97,85,12,90,506400.00,189000.00,695400.00,461580.8333333334,0.6637630620266514,565201.0204081633,4758.56529209622,5128.675925925926
136352,2016-12-10T10:05:00Z,12.0,10.0,6.0,2016-12-10T11:45:00Z,Moscow,Boeing 737-300,2400,2016-12-10T10:10:00Z,2016-12-10T11:50:00Z,5.0,5.0,1.6666666666666667,152000.0,182500,26750.000000000000,65550,130,118,12,92,1006400.00,366000.00,1372400.00,945600.0,0.689011949868843,567360.0,7273.846153846154,10278.260869565218
136865,2016-12-11T09:25:00Z,12.0,11.0,0.0,2016-12-11T10:15:00Z,Belgorod,Sukhoi Superjet-100,1700,2016-12-11T09:29:00Z,2016-12-11T10:19:00Z,4.0,4.0,0.8333333333333334,53833.333333333336,96500,20062.500000000000,65175,97,85,12,88,487500.00,207900.00,695400.00,459829.1666666666,0.6612441280797622,551794.9999999999,4740.506872852233,5225.331439393939
136447,2016-12-11T10:05:00Z,12.0,11.0,0.0,2016-12-11T11:45:00Z,Moscow,Boeing 737-300,2400,2016-12-11T10:07:00Z,2016-12-11T11:47:00Z,2.0,2.0,1.6666666666666667,152000.0,182500,26750.000000000000,76425,130,118,12,116,1312600.00,329400.00,1642000.00,1204325.0,0.7334500609013398,722595.0,9264.038461538461,10382.112068965518
136911,2016-12-12T09:25:00Z,12.0,12.0,1.0,2016-12-12T10:15:00Z,Belgorod,Sukhoi Superjet-100,1700,2016-12-12T13:05:00Z,2016-12-12T13:55:00Z,40.0,40.0,0.8333333333333334,53833.333333333336,96500,20062.500000000000,62925,97,85,12,87,487500.00,189000.00,676500.00,443179.1666666666,0.6551059374230105,531814.9999999999,4568.857388316151,5094.013409961685
136141,2016-12-12T10:05:00Z,12.0,12.0,1.0,2016-12-12T11:45:00Z,Moscow,Boeing 737-300,2400,2016-12-12T10:08:00Z,2016-12-12T11:50:00Z,3.0,5.0,1.7,155040.0,182500,26750.000000000000,76200,130,118,12,109,1200400.00,402600.00,1603000.00,1162510.0,0.7252089831565814,683829.4117647059,8942.384615384615,10665.229357798165
136533,2016-12-13T06:10:00Z,12.0,13.0,2.0,2016-12-13T11:15:00Z,Novokuznetsk,Boeing 737-300,2400,2016-12-13T06:13:00Z,2016-12-13T11:16:00Z,3.0,1.0,5.05,460560.0,365300,61500,0,130,118,12,0,0,0,0,-887360.0,0.0,0.0,0.0,0.0
136691,2016-12-13T09:25:00Z,12.0,13.0,2.0,2016-12-13T10:15:00Z,Belgorod,Sukhoi Superjet-100,1700,2016-12-13T09:25:00Z,2016-12-13T10:14:00Z,0.0,-1.0,0.8166666666666667,52756.666666666664,96500,20062.500000000000,64650,97,85,12,87,481800.00,207900.00,689700.00,455730.8333333334,0.6607667584940313,558037.7551020408,4698.256013745705,5238.285440613027
136223,2016-12-13T10:05:00Z,12.0,13.0,2.0,2016-12-13T11:45:00Z,Moscow,Boeing 737-300,2400,2016-12-13T10:06:00Z,2016-12-13T11:47:00Z,1.0,2.0,1.6833333333333333,153520.0,182500,26750.000000000000,82500,130,118,12,121,1349200.00,402600.00,1751800.00,1306530.0,0.7458214408037447,776156.4356435643,10050.23076923077,10797.768595041322
136872,2016-12-14T09:25:00Z,12.0,14.0,3.0,2016-12-14T10:15:00Z,Belgorod,Sukhoi Superjet-100,1700,2016-12-14T09:26:00Z,2016-12-14T10:16:00Z,1.0,1.0,0.8333333333333334,53833.333333333336,96500,20062.500000000000,71625,97,85,12,97,538500.00,226800.00,765300.00,523279.1666666666,0.6837569144997604,627934.9999999999,5394.6305841924395,5394.6305841924395
136143,2016-12-14T10:05:00Z,12.0,14.0,3.0,2016-12-14T11:45:00Z,Moscow,Boeing 737-300,2400,2016-12-14T10:06:00Z,2016-12-14T11:46:00Z,1.0,1.0,1.6666666666666667,152000.0,182500,26750.000000000000,74100,130,118,12,105,1151600.00,402600.00,1554200.00,1118850.0,0.7198880452966157,671310.0,8606.538461538461,10655.714285714286
136688,2016-12-15T09:25:00Z,12.0,15.0,4.0,2016-12-15T10:15:00Z,Belgorod,Sukhoi Superjet-100,1700,2016-12-15T09:30:00Z,2016-12-15T10:20:00Z,5.0,5.0,0.8333333333333334,53833.333333333336,96500,20062.500000000000,63975,97,85,12,89,500700.00,189000.00,689700.00,455329.1666666666,0.6601843796819873,546394.9999999999,4694.115120274913,5116.058052434457
136465,2016-12-15T10:05:00Z,12.0,15.0,4.0,2016-12-15T11:45:00Z,Moscow,Boeing 737-300,2400,2016-12-15T10:05:00Z,2016-12-15T11:47:00Z,0.0,2.0,1.7,155040.0,182500,26750.000000000000,88950,130,118,12,130,1446800.00,439200.00,1886000.00,1432760.0,0.7596818663838812,842800.0,11021.23076923077,11021.23076923077
136886,2016-12-16T09:25:00Z,12.0,16.0,5.0,2016-12-16T10:15:00Z,Belgorod,Sukhoi Superjet-100,1700,2016-12-16T09:26:00Z,2016-12-16T10:16:00Z,1.0,1.0,0.8333333333333334,53833.333333333336,96500,20062.500000000000,67950,97,85,12,90,494400.00,226800.00,721200.00,482854.1666666666,0.6695149288223331,579424.9999999999,4977.878006872852,5365.046296296296
136385,2016-12-16T10:05:00Z,12.0,16.0,5.0,2016-12-16T11:45:00Z,Moscow,Boeing 737-300,2400,2016-12-16T10:10:00Z,2016-12-16T11:50:00Z,5.0,5.0,1.6666666666666667,152000.0,182500,26750.000000000000,87900,130,118,12,128,1422400.00,439200.00,1861600.00,1412450.0,0.7587290502793296,847470.0,10865.0,11034.765625
136771,2016-12-17T09:25:00Z,12.0,17.0,6.0,2016-12-17T10:15:00Z,Belgorod,Sukhoi Superjet-100,1700,2016-12-17T09:26:00Z,2016-12-17T10:15:00Z,1.0,0.0,0.8166666666666667,52756.666666666664,96500,20062.500000000000,62025,97,85,12,82,449100.00,207900.00,657000.00,425655.8333333334,0.6478779807204466,521211.224489796,4388.204467353952,5190.924796747968
136318,2016-12-17T10:05:00Z,12.0,17.0,6.0,2016-12-17T11:45:00Z,Moscow,Boeing 737-300,2400,2016-12-17T10:07:00Z,2016-12-17T11:49:00Z,2.0,4.0,1.7,155040.0,182500,26750.000000000000,73575,130,118,12,104,1141800.00,402600.00,1544400.00,1106535.0,0.7164821289821289,650902.9411764706,8511.807692307691,10639.759615384615
136742,2016-12-18T09:25:00Z,12.0,18.0,0.0,2016-12-18T10:15:00Z,Belgorod,Sukhoi Superjet-100,1700,2016-12-18T09:27:00Z,2016-12-18T10:17:00Z,2.0,2.0,0.8333333333333334,53833.333333333336,96500,20062.500000000000,71625,97,85,12,97,538500.00,226800.00,765300.00,523279.1666666666,0.6837569144997604,627934.9999999999,5394.6305841924395,5394.6305841924395
136257,2016-12-18T10:05:00Z,12.0,18.0,0.0,2016-12-18T11:45:00Z,Moscow,Boeing 737-300,2400,2016-12-18T10:09:00Z,2016-12-18T11:49:00Z,4.0,4.0,1.6666666666666667,152000.0,182500,26750.000000000000,77250,130,118,12,111,1226000.00,402600.00,1628600.00,1190100.0,0.7307503377133735,714060.0,9154.615384615385,10721.621621621622
136725,2016-12-19T09:25:00Z,12.0,19.0,1.0,2016-12-19T10:15:00Z,Belgorod,Sukhoi Superjet-100,1700,2016-12-19T09:30:00Z,2016-12-19T10:19:00Z,5.0,4.0,0.8166666666666667,52756.666666666664,96500,20062.500000000000,63825,97,85,12,92,525900.00,170100.00,696000.00,462855.8333333334,0.6650227490421456,566762.2448979593,4771.709621993127,5031.041666666667
136338,2016-12-19T10:05:00Z,12.0,19.0,1.0,2016-12-19T11:45:00Z,Moscow,Boeing 737-300,2400,2016-12-19T10:06:00Z,2016-12-19T11:46:00Z,1.0,1.0,1.6666666666666667,152000.0,182500,26750.000000000000,87900,130,118,12,128,1422400.00,439200.00,1861600.00,1412450.0,0.7587290502793296,847470.0,10865.0,11034.765625
136518,2016-12-20T06:10:00Z,12.0,20.0,2.0,2016-12-20T11:15:00Z,Novokuznetsk,Boeing 737-300,2400,2016-12-20T06:13:00Z,2016-12-20T11:17:00Z,3.0,2.0,5.066666666666666,462080.0,365300,61500,0,130,118,12,0,0,0,0,-888880.0,0.0,0.0,0.0,0.0
136738,2016-12-20T09:25:00Z,12.0,20.0,2.0,2016-12-20T10:15:00Z,Belgorod,Sukhoi Superjet-100,1700,2016-12-20T09:27:00Z,2016-12-20T10:16:00Z,2.0,1.0,0.8166666666666667,52756.666666666664,96500,20062.500000000000,64650,97,85,12,87,481800.00,207900.00,689700.00,455730.8333333334,0.6607667584940313,558037.7551020408,4698.256013745705,5238.285440613027
136252,2016-12-20T10:05:00Z,12.0,20.0,2.0,2016-12-20T11:45:00Z,Moscow,Boeing 737-300,2400,2016-12-20T10:05:00Z,2016-12-20T11:46:00Z,0.0,1.0,1.6833333333333333,153520.0,182500,26750.000000000000,72525,130,118,12,102,1115000.00,402600.00,1517600.00,1082305.0,0.7131688191881919,642953.4653465346,8325.423076923076,10610.833333333334
136961,2016-12-21T09:25:00Z,12.0,21.0,3.0,2016-12-21T10:15:00Z,Belgorod,Sukhoi Superjet-100,1700,2016-12-21T09:27:00Z,2016-12-21T10:16:00Z,2.0,1.0,0.8166666666666667,52756.666666666664,96500,20062.500000000000,71100,97,85,12,96,532200.00,226800.00,759000.00,518580.8333333334,0.6832422046552482,634996.9387755103,5346.194158075602,5401.883680555556
136210,2016-12-21T10:05:00Z,12.0,21.0,3.0,2016-12-21T11:45:00Z,Moscow,Boeing 737-300,2400,2016-12-21T10:08:00Z,2016-12-21T11:48:00Z,3.0,3.0,1.6666666666666667,152000.0,182500,26750.000000000000,80925,130,118,12,118,1309000.00,402600.00,1711600.00,1269425.0,0.7416598504323441,761655.0,9764.807692307691,10757.838983050848
136631,2016-12-22T09:25:00Z,12.0,22.0,4.0,2016-12-22T10:15:00Z,Belgorod,Sukhoi Superjet-100,1700,2016-12-22T09:26:00Z,2016-12-22T10:16:00Z,1.0,1.0,0.8333333333333334,53833.333333333336,96500,20062.500000000000,67950,97,85,12,90,494400.00,226800.00,721200.00,482854.1666666666,0.6695149288223331,579424.9999999999,4977.878006872852,5365.046296296296
136244,2016-12-22T10:05:00Z,12.0,22.0,4.0,2016-12-22T11:45:00Z,Moscow,Boeing 737-300,2400,2016-12-22T10:08:00Z,2016-12-22T11:47:00Z,3.0,2.0,1.65,150480.0,182500,26750.000000000000,80400,130,118,12,117,1300400.00,402600.00,1703000.00,1262870.0,0.741556077510276,765375.7575757576,9714.384615384615,10793.760683760684
136702,2016-12-23T09:25:00Z,12.0,23.0,5.0,2016-12-23T10:15:00Z,Belgorod,Sukhoi Superjet-100,1700,2016-12-23T09:26:00Z,2016-12-23T10:16:00Z,1.0,1.0,0.8333333333333334,53833.333333333336,96500,20062.500000000000,63075,97,85,12,84,462900.00,207900.00,670800.00,437329.1666666666,0.6519516497714172,524794.9999999999,4508.548109965635,5206.299603174602
136492,2016-12-23T10:05:00Z,12.0,23.0,5.0,2016-12-23T11:45:00Z,Moscow,Boeing 737-300,2400,2016-12-23T10:08:00Z,2016-12-23T11:48:00Z,3.0,3.0,1.6666666666666667,152000.0,182500,26750.000000000000,79200,130,118,12,118,1324800.00,366000.00,1690800.00,1250350.0,0.7395020108824225,750210.0,9618.076923076924,10596.186440677966
136653,2016-12-24T09:25:00Z,12.0,24.0,6.0,2016-12-24T10:15:00Z,Belgorod,Sukhoi Superjet-100,1700,2016-12-24T09:27:00Z,2016-12-24T10:17:00Z,2.0,2.0,0.8333333333333334,53833.333333333336,96500,20062.500000000000,65700,97,85,12,89,493800.00,207900.00,701700.00,465604.1666666666,0.6635373616455275,558724.9999999999,4800.04295532646,5231.507490636704
136253,2016-12-24T10:05:00Z,12.0,24.0,6.0,2016-12-24T11:45:00Z,Moscow,Boeing 737-300,2400,2016-12-24T10:08:00Z,2016-12-24T11:46:00Z,3.0,1.0,1.6333333333333333,148960.0,182500,26750.000000000000,67800,130,118,12,93,1005200.00,402600.00,1407800.00,981790.0,0.6973930956101719,601095.918367347,7552.2307692307695,10556.881720430107
136592,2016-12-25T09:25:00Z,12.0,25.0,0.0,2016-12-25T10:15:00Z,Belgorod,Sukhoi Superjet-100,1700,2016-12-25T09:28:00Z,2016-12-25T10:18:00Z,3.0,3.0,0.8333333333333334,53833.333333333336,96500,20062.500000000000,62250,97,85,12,89,507000.00,170100.00,677100.00,444454.1666666666,0.6564084576379657,533344.9999999999,4582.001718213058,4993.867041198501
136397,2016-12-25T10:05:00Z,12.0,25.0,0.0,2016-12-25T11:45:00Z,Moscow,Boeing 737-300,2400,2016-12-25T10:06:00Z,2016-12-25T11:47:00Z,1.0,2.0,1.6833333333333333,153520.0,182500,26750.000000000000,66675,130,118,12,104,1188200.00,256200.00,1444400.00,1014955.0,0.702682774854611,602943.5643564357,7807.346153846154,9759.182692307691
136680,2016-12-26T09:25:00Z,12.0,26.0,1.0,2016-12-26T10:15:00Z,Belgorod,Sukhoi Superjet-100,1700,2016-12-26T09:34:00Z,2016-12-26T10:24:00Z,9.0,9.0,0.8333333333333334,53833.333333333336,96500,20062.500000000000,69000,97,85,12,92,507000.00,226800.00,733800.00,494404.1666666666,0.6737587444353592,593284.9999999999,5096.950171821305,5373.958333333333
136390,2016-12-26T10:05:00Z,12.0,26.0,1.0,2016-12-26T11:45:00Z,Moscow,Boeing 737-300,2400,2016-12-26T10:06:00Z,2016-12-26T11:47:00Z,1.0,2.0,1.6833333333333333,153520.0,182500,26750.000000000000,86325,130,118,12,125,1384600.00,439200.00,1823800.00,1374705.0,0.7537586358153306,816656.4356435643,10574.653846153846,10997.64
136564,2016-12-27T06:10:00Z,12.0,27.0,2.0,2016-12-27T11:15:00Z,Novokuznetsk,Boeing 737-300,2400,2016-12-27T06:16:00Z,2016-12-27T11:21:00Z,6.0,6.0,5.083333333333333,463600.0,365300,61500,0,130,118,12,0,0,0,0,-890400.0,0.0,0.0,0.0,0.0
136617,2016-12-27T09:25:00Z,12.0,27.0,2.0,2016-12-27T10:15:00Z,Belgorod,Sukhoi Superjet-100,1700,2016-12-27T09:26:00Z,2016-12-27T10:16:00Z,1.0,1.0,0.8333333333333334,53833.333333333336,96500,20062.500000000000,71625,97,85,12,97,538500.00,226800.00,765300.00,523279.1666666666,0.6837569144997604,627934.9999999999,5394.6305841924395,5394.6305841924395
136207,2016-12-27T10:05:00Z,12.0,27.0,2.0,2016-12-27T11:45:00Z,Moscow,Boeing 737-300,2400,2016-12-27T10:07:00Z,2016-12-27T11:48:00Z,2.0,3.0,1.6833333333333333,153520.0,182500,26750.000000000000,73275,130,118,12,110,1238200.00,329400.00,1567600.00,1131555.0,0.7218391171217147,672210.8910891089,8704.26923076923,10286.863636363636
136866,2016-12-28T09:25:00Z,12.0,28.0,3.0,2016-12-28T10:15:00Z,Belgorod,Sukhoi Superjet-100,1700,2016-12-28T09:28:00Z,2016-12-28T10:18:00Z,3.0,3.0,0.8333333333333334,53833.333333333336,96500,20062.500000000000,68325,97,85,12,94,525900.00,207900.00,733800.00,495079.1666666666,0.6746786136095212,594094.9999999999,5103.908934707903,5266.7996453900705
136262,2016-12-28T10:05:00Z,12.0,28.0,3.0,2016-12-28T11:45:00Z,Moscow,Boeing 737-300,2400,2016-12-28T10:10:00Z,2016-12-28T11:49:00Z,5.0,4.0,1.65,150480.0,182500,26750.000000000000,87900,130,118,12,128,1422400.00,439200.00,1861600.00,1413970.0,0.75954555221315,856951.5151515153,10876.692307692309,11046.640625
136785,2016-12-29T09:25:00Z,12.0,29.0,4.0,2016-12-29T10:15:00Z,Belgorod,Sukhoi Superjet-100,1700,2016-12-29T09:28:00Z,2016-12-29T10:19:00Z,3.0,4.0,0.85,54910.0,96500,20062.500000000000,71625,97,85,12,97,538500.00,226800.00,765300.00,522202.5,0.6823500588004704,614355.8823529412,5383.530927835051,5383.530927835051
136296,2016-12-29T10:05:00Z,12.0,29.0,4.0,2016-12-29T11:45:00Z,Moscow,Boeing 737-300,2400,2016-12-29T10:07:00Z,2016-12-29T11:46:00Z,2.0,1.0,1.65,150480.0,182500,26750.000000000000,78675,130,118,12,117,1312600.00,366000.00,1678600.00,1240195.0,0.7388269986893841,751633.3333333334,9539.961538461539,10599.957264957266
136801,2016-12-30T09:25:00Z,12.0,30.0,5.0,2016-12-30T10:15:00Z,Belgorod,Sukhoi Superjet-100,1700,2016-12-30T09:28:00Z,2016-12-30T10:18:00Z,3.0,3.0,0.8333333333333334,53833.333333333336,96500,20062.500000000000,71625,97,85,12,97,538500.00,226800.00,765300.00,523279.1666666666,0.6837569144997604,627934.9999999999,5394.6305841924395,5394.6305841924395
136327,2016-12-30T10:05:00Z,12.0,30.0,5.0,2016-12-30T11:45:00Z,Moscow,Boeing 737-300,2400,2016-12-30T10:12:00Z,2016-12-30T11:52:00Z,7.0,7.0,1.6666666666666667,152000.0,182500,26750.000000000000,72225,130,118,12,108,1213800.00,329400.00,1543200.00,1109725.0,0.7191064022809746,665835.0,8536.346153846154,10275.231481481482
136929,2016-12-31T09:25:00Z,12.0,31.0,6.0,2016-12-31T10:15:00Z,Belgorod,Sukhoi Superjet-100,1700,2016-12-31T09:25:00Z,2016-12-31T10:15:00Z,0.0,0.0,0.8333333333333334,53833.333333333336,96500,20062.500000000000,58575,97,85,12,82,461700.00,170100.00,631800.00,402829.1666666666,0.6375896908304315,483394.99999999994,4152.878006872852,4912.55081300813
136368,2016-12-31T10:05:00Z,12.0,31.0,6.0,2016-12-31T11:45:00Z,Moscow,Boeing 737-300,2400,2016-12-31T10:07:00Z,2016-12-31T11:47:00Z,2.0,2.0,1.6666666666666667,152000.0,182500,26750.000000000000,88950,130,118,12,130,1446800.00,439200.00,1886000.00,1435800.0,0.7612937433722163,861480.0,11044.615384615385,11044.615384615385
136661,2017-01-01T09:25:00Z,1.0,1.0,0.0,2017-01-01T10:15:00Z,Belgorod,Sukhoi Superjet-100,1700,2017-01-01T09:27:00Z,2017-01-01T10:17:00Z,2.0,2.0,0.8333333333333334,58083.333333333336,96500,20062.500000000000,71100,97,85,12,96,532200.00,226800.00,759000.00,513254.1666666666,0.6762241985068072,615904.9999999999,5291.280068728522,5346.397569444444
136420,2017-01-01T10:05:00Z,1.0,1.0,0.0,2017-01-01T11:45:00Z,Moscow,Boeing 737-300,2400,2017-01-01T10:09:00Z,2017-01-01T11:47:00Z,4.0,2.0,1.6333333333333333,160720.0,182500,26750.000000000000,73575,130,118,12,104,1139400.00,402600.00,1542000.00,1098455.0,0.7123573281452659,672523.4693877551,8449.653846153846,10562.067307692309
136936,2017-01-02T09:25:00Z,1.0,2.0,1.0,2017-01-02T10:15:00Z,Belgorod,Sukhoi Superjet-100,1700,2017-01-02T09:28:00Z,2017-01-02T10:18:00Z,3.0,3.0,0.8333333333333334,58083.333333333336,96500,20062.500000000000,58575,97,85,12,82,462300.00,170100.00,632400.00,399179.1666666666,0.6312131035209783,479014.99999999994,4115.24914089347,4868.038617886178
136458,2017-01-02T10:05:00Z,1.0,2.0,1.0,2017-01-02T11:45:00Z,Moscow,Boeing 737-300,2400,2017-01-02T10:07:00Z,2017-01-02T11:46:00Z,2.0,1.0,1.65,162360.0,182500,26750.000000000000,73275,130,118,12,110,1239400.00,329400.00,1568800.00,1123915.0,0.7164170066292708,681160.6060606061,8645.5,10217.40909090909
136546,2017-01-03T06:10:00Z,1.0,3.0,2.0,2017-01-03T11:15:00Z,Novokuznetsk,Boeing 737-300,2400,2017-01-03T06:13:00Z,2017-01-03T11:15:00Z,3.0,0.0,5.033333333333333,495280.0,365300,61500,0,130,118,12,0,0,0,0,-922080.0,0.0,0.0,0.0,0.0
136937,2017-01-03T09:25:00Z,1.0,3.0,2.0,2017-01-03T10:15:00Z,Belgorod,Sukhoi Superjet-100,1700,2017-01-03T09:29:00Z,2017-01-03T10:19:00Z,4.0,4.0,0.8333333333333334,58083.333333333336,96500,20062.500000000000,58050,97,85,12,81,456000.00,170100.00,626100.00,393404.1666666666,0.6283407868817548,472084.99999999994,4055.7130584192437,4856.841563786008
136119,2017-01-03T10:05:00Z,1.0,3.0,2.0,2017-01-03T11:45:00Z,Moscow,Boeing 737-300,2400,2017-01-03T10:08:00Z,2017-01-03T11:49:00Z,3.0,4.0,1.6833333333333333,165640.0,182500,26750.000000000000,78300,130,118,12,113,1250400.00,402600.00,1653000.00,1199810.0,0.725837870538415,712758.4158415842,9229.307692307691,10617.787610619469
136819,2017-01-04T09:25:00Z,1.0,4.0,3.0,2017-01-04T10:15:00Z,Belgorod,Sukhoi Superjet-100,1700,2017-01-04T09:29:00Z,2017-01-04T10:19:00Z,4.0,4.0,0.8333333333333334,58083.333333333336,96500,20062.500000000000,71100,97,85,12,96,532200.00,226800.00,759000.00,513254.1666666666,0.6762241985068072,615904.9999999999,5291.280068728522,5346.397569444444
136159,2017-01-04T10:05:00Z,1.0,4.0,3.0,2017-01-04T11:45:00Z,Moscow,Boeing 737-300,2400,2017-01-04T10:07:00Z,2017-01-04T11:45:00Z,2.0,0.0,1.6333333333333333,160720.0,182500,26750.000000000000,81075,130,118,12,115,1261400.00,439200.00,1700600.00,1249555.0,0.7347730212866047,765033.6734693878,9611.961538461539,10865.695652173914
136645,2017-01-05T09:25:00Z,1.0,5.0,4.0,2017-01-05T10:15:00Z,Belgorod,Sukhoi Superjet-100,1700,2017-01-05T09:29:00Z,2017-01-05T10:20:00Z,4.0,5.0,0.85,59245.0,96500,20062.500000000000,58575,97,85,12,82,462900.00,170100.00,633000.00,398617.5,0.6297274881516588,468961.76470588235,4109.458762886598,4861.1890243902435
136202,2017-01-05T10:05:00Z,1.0,5.0,4.0,2017-01-05T11:45:00Z,Moscow,Boeing 737-300,2400,2017-01-05T10:07:00Z,2017-01-05T11:49:00Z,2.0,4.0,1.7,167280.0,182500,26750.000000000000,71475,130,118,12,100,1093000.00,402600.00,1495600.00,1047595.0,0.7004513238833913,616232.3529411765,8058.423076923077,10475.95
136706,2017-01-06T09:25:00Z,1.0,6.0,5.0,2017-01-06T10:15:00Z,Belgorod,Sukhoi Superjet-100,1700,2017-01-06T09:30:00Z,2017-01-06T10:20:00Z,5.0,5.0,0.8333333333333334,58083.333333333336,96500,20062.500000000000,68850,97,85,12,95,532200.00,207900.00,740100.00,496604.1666666666,0.6709960365716344,595924.9999999999,5119.6305841924395,5227.412280701754
136209,2017-01-06T10:05:00Z,1.0,6.0,5.0,2017-01-06T11:45:00Z,Moscow,Boeing 737-300,2400,2017-01-06T10:09:00Z,2017-01-06T11:49:00Z,4.0,4.0,1.6666666666666667,164000.0,182500,26750.000000000000,76050,130,118,12,112,1249200.00,366000.00,1615200.00,1165900.0,0.7218301139177811,699540.0,8968.461538461539,10409.82142857143
136632,2017-01-07T09:25:00Z,1.0,7.0,6.0,2017-01-07T10:15:00Z,Belgorod,Sukhoi Superjet-100,1700,2017-01-07T12:42:00Z,2017-01-07T13:33:00Z,17.0,18.0,0.85,59245.0,96500,20062.500000000000,66750,97,85,12,91,506400.00,207900.00,714300.00,471742.5,0.6604262914741705,554991.1764705882,4863.3247422680415,5183.983516483517
136164,2017-01-07T10:05:00Z,1.0,7.0,6.0,2017-01-07T11:45:00Z,Moscow,Boeing 737-300,2400,2017-01-07T10:07:00Z,2017-01-07T11:46:00Z,2.0,1.0,1.65,162360.0,182500,26750.000000000000,81975,130,118,12,120,1335800.00,402600.00,1738400.00,1284815.0,0.7390790381960424,778675.7575757576,9883.192307692309,10706.791666666666
136609,2017-01-08T09:25:00Z,1.0,8.0,0.0,2017-01-08T10:15:00Z,Belgorod,Sukhoi Superjet-100,1700,2017-01-08T09:28:00Z,2017-01-08T10:18:00Z,3.0,3.0,0.8333333333333334,58083.333333333336,96500,20062.500000000000,59775,97,85,12,81,450300.00,189000.00,639300.00,404879.1666666666,0.6333163877157307,485854.99999999994,4174.012027491409,4998.508230452674
136122,2017-01-08T10:05:00Z,1.0,8.0,0.0,2017-01-08T11:45:00Z,Moscow,Boeing 737-300,2400,2017-01-08T10:08:00Z,2017-01-08T11:48:00Z,3.0,3.0,1.6666666666666667,164000.0,182500,26750.000000000000,68175,130,118,12,97,1065000.00,366000.00,1431000.00,989575.0,0.6915269042627533,593745.0,7612.115384615385,10201.80412371134
136733,2017-01-09T09:25:00Z,1.0,9.0,1.0,2017-01-09T10:15:00Z,Belgorod,Sukhoi Superjet-100,1700,2017-01-09T09:27:00Z,2017-01-09T10:18:00Z,2.0,3.0,0.85,59245.0,96500,20062.500000000000,70050,97,85,12,94,519600.00,226800.00,746400.00,500542.5,0.670608922829582,588873.5294117647,5160.231958762886,5324.920212765957
136464,2017-01-09T10:05:00Z,1.0,9.0,1.0,2017-01-09T11:45:00Z,Moscow,Boeing 737-300,2400,2017-01-09T10:07:00Z,2017-01-09T11:47:00Z,2.0,2.0,1.6666666666666667,164000.0,182500,26750.000000000000,64575,130,118,12,100,1141800.00,256200.00,1398000.00,960175.0,0.6868204577968526,576105.0,7385.961538461538,9601.75
136523,2017-01-10T06:10:00Z,1.0,10.0,2.0,2017-01-10T11:15:00Z,Novokuznetsk,Boeing 737-300,2400,2017-01-10T06:14:00Z,2017-01-10T11:26:00Z,4.0,11.0,5.2,511680.0,365300,61500,0,130,118,12,0,0,0,0,-938480.0,0.0,0.0,0.0,0.0
136586,2017-01-10T09:25:00Z,1.0,10.0,2.0,2017-01-10T10:15:00Z,Belgorod,Sukhoi Superjet-100,1700,2017-01-10T09:28:00Z,2017-01-10T10:18:00Z,3.0,3.0,0.8333333333333334,58083.333333333336,96500,20062.500000000000,71100,97,85,12,96,532200.00,226800.00,759000.00,513254.1666666666,0.6762241985068072,615904.9999999999,5291.280068728522,5346.397569444444
136423,2017-01-10T10:05:00Z,1.0,10.0,2.0,2017-01-10T11:45:00Z,Moscow,Boeing 737-300,2400,2017-01-10T10:12:00Z,2017-01-10T11:52:00Z,7.0,7.0,1.6666666666666667,164000.0,182500,26750.000000000000,86700,130,118,12,129,1446800.00,402600.00,1849400.00,1389450.0,0.7512977181788688,833670.0,10688.076923076924,10770.93023255814
136855,2017-01-11T09:25:00Z,1.0,11.0,3.0,2017-01-11T10:15:00Z,Belgorod,Sukhoi Superjet-100,1700,2017-01-11T12:07:00Z,2017-01-11T12:57:00Z,42.0,42.0,0.8333333333333334,58083.333333333336,96500,20062.500000000000,66375,97,85,12,87,475500.00,226800.00,702300.00,461279.1666666666,0.6568121410603256,553534.9999999999,4755.455326460481,5302.059386973179
136366,2017-01-11T10:05:00Z,1.0,11.0,3.0,2017-01-11T11:45:00Z,Moscow,Boeing 737-300,2400,2017-01-11T10:08:00Z,2017-01-11T11:47:00Z,3.0,2.0,1.65,162360.0,182500,26750.000000000000,73050,130,118,12,103,1124800.00,402600.00,1527400.00,1082740.0,0.7088778316092706,656206.0606060607,8328.76923076923,10512.038834951456
136758,2017-01-12T09:25:00Z,1.0,12.0,4.0,2017-01-12T10:15:00Z,Belgorod,Sukhoi Superjet-100,1700,2017-01-12T09:26:00Z,2017-01-12T10:15:00Z,1.0,0.0,0.8166666666666667,56921.666666666664,96500,20062.500000000000,71625,97,85,12,97,538500.00,226800.00,765300.00,520190.8333333334,0.6797214599939022,636968.3673469388,5362.792096219931,5362.792096219931
136316,2017-01-12T10:05:00Z,1.0,12.0,4.0,2017-01-12T11:45:00Z,Moscow,Boeing 737-300,2400,2017-01-12T10:07:00Z,2017-01-12T11:47:00Z,2.0,2.0,1.6666666666666667,164000.0,182500,26750.000000000000,88950,130,118,12,130,1446800.00,439200.00,1886000.00,1423800.0,0.7549310710498409,854280.0,10952.307692307691,10952.307692307691
136871,2017-01-13T09:25:00Z,1.0,13.0,5.0,2017-01-13T10:15:00Z,Belgorod,Sukhoi Superjet-100,1700,2017-01-13T09:28:00Z,2017-01-13T10:18:00Z,3.0,3.0,0.8333333333333334,58083.333333333336,96500,20062.500000000000,71625,97,85,12,97,538500.00,226800.00,765300.00,519029.1666666666,0.6782035367394049,622834.9999999999,5350.816151202749,5350.816151202749
136275,2017-01-13T10:05:00Z,1.0,13.0,5.0,2017-01-13T11:45:00Z,Moscow,Boeing 737-300,2400,2017-01-13T10:08:00Z,2017-01-13T11:46:00Z,3.0,1.0,1.6333333333333333,160720.0,182500,26750.000000000000,86325,130,118,12,125,1385800.00,439200.00,1825000.00,1368705.0,0.7499753424657534,837982.6530612245,10528.5,10949.64
136781,2017-01-14T09:25:00Z,1.0,14.0,6.0,2017-01-14T10:15:00Z,Belgorod,Sukhoi Superjet-100,1700,2017-01-14T09:26:00Z,2017-01-14T10:16:00Z,1.0,1.0,0.8333333333333334,58083.333333333336,96500,20062.500000000000,71625,97,85,12,97,538500.00,226800.00,765300.00,519029.1666666666,0.6782035367394049,622834.9999999999,5350.816151202749,5350.816151202749
136185,2017-01-14T10:05:00Z,1.0,14.0,6.0,2017-01-14T11:45:00Z,Moscow,Boeing 737-300,2400,2017-01-14T10:06:00Z,2017-01-14T11:49:00Z,1.0,4.0,1.7166666666666666,168920.0,182500,26750.000000000000,71850,130,118,12,104,1154000.00,366000.00,1520000.00,1069980.0,0.7039342105263158,623289.3203883496,8230.615384615385,10288.26923076923
136709,2017-01-15T09:25:00Z,1.0,15.0,0.0,2017-01-15T10:15:00Z,Belgorod,Sukhoi Superjet-100,1700,2017-01-15T09:28:00Z,2017-01-15T10:18:00Z,3.0,3.0,0.8333333333333334,58083.333333333336,96500,20062.500000000000,64650,97,85,12,87,481800.00,207900.00,689700.00,450404.1666666666,0.6530435938330674,540484.9999999999,4643.341924398625,5177.059386973179
136172,2017-01-15T10:05:00Z,1.0,15.0,0.0,2017-01-15T11:45:00Z,Moscow,Boeing 737-300,2400,2017-01-15T10:05:00Z,2017-01-15T11:44:00Z,0.0,-1.0,1.65,162360.0,182500,26750.000000000000,76725,130,118,12,110,1215000.00,402600.00,1617600.00,1169265.0,0.7228393916913947,708645.4545454546,8994.346153846154,10629.681818181818
136907,2017-01-16T09:25:00Z,1.0,16.0,1.0,2017-01-16T10:15:00Z,Belgorod,Sukhoi Superjet-100,1700,2017-01-16T09:31:00Z,2017-01-16T10:22:00Z,6.0,7.0,0.85,59245.0,96500,20062.500000000000,71100,97,85,12,96,532200.00,226800.00,759000.00,512092.5,0.674693675889328,602461.7647058824,5279.30412371134,5334.296875
136282,2017-01-16T10:05:00Z,1.0,16.0,1.0,2017-01-16T11:45:00Z,Moscow,Boeing 737-300,2400,2017-01-16T10:07:00Z,2017-01-16T11:48:00Z,2.0,3.0,1.6833333333333333,165640.0,182500,26750.000000000000,71175,130,118,12,106,1189400.00,329400.00,1518800.00,1072735.0,0.7063043191993679,637268.3168316832,8251.807692307691,10120.141509433963
136540,2017-01-17T06:10:00Z,1.0,17.0,2.0,2017-01-17T11:15:00Z,Novokuznetsk,Boeing 737-300,2400,2017-01-17T06:14:00Z,2017-01-17T11:21:00Z,4.0,6.0,5.116666666666666,503480.0,365300,61500,0,130,118,12,0,0,0,0,-930280.0,0.0,0.0,0.0,0.0
136669,2017-01-17T09:25:00Z,1.0,17.0,2.0,2017-01-17T10:15:00Z,Belgorod,Sukhoi Superjet-100,1700,2017-01-17T09:26:00Z,2017-01-17T10:17:00Z,1.0,2.0,0.85,59245.0,96500,20062.500000000000,70575,97,85,12,95,525900.00,226800.00,752700.00,506317.5,0.6726683937823834,595667.6470588235,5219.768041237114,5329.6578947368425
136471,2017-01-17T10:05:00Z,1.0,17.0,2.0,2017-01-17T11:45:00Z,Moscow,Boeing 737-300,2400,2017-01-17T10:11:00Z,2017-01-17T11:51:00Z,6.0,6.0,1.6666666666666667,164000.0,182500,26750.000000000000,83700,130,118,12,120,1323600.00,439200.00,1762800.00,1305850.0,0.7407817109144543,783510.0,10045.0,10882.083333333334
136649,2017-01-18T09:25:00Z,1.0,18.0,3.0,2017-01-18T10:15:00Z,Belgorod,Sukhoi Superjet-100,1700,2017-01-18T09:25:00Z,2017-01-18T10:15:00Z,0.0,0.0,0.8333333333333334,58083.333333333336,96500,20062.500000000000,71100,97,85,12,96,532200.00,226800.00,759000.00,513254.1666666666,0.6762241985068072,615904.9999999999,5291.280068728522,5346.397569444444
136389,2017-01-18T10:05:00Z,1.0,18.0,3.0,2017-01-18T11:45:00Z,Moscow,Boeing 737-300,2400,2017-01-18T10:10:00Z,2017-01-18T11:50:00Z,5.0,5.0,1.6666666666666667,164000.0,182500,26750.000000000000,88425,130,118,12,129,1434600.00,439200.00,1873800.00,1412125.0,0.7536156473476359,847275.0,10862.5,10946.70542635659
136654,2017-01-19T09:25:00Z,1.0,19.0,4.0,2017-01-19T10:15:00Z,Belgorod,Sukhoi Superjet-100,1700,2017-01-19T09:28:00Z,2017-01-19T10:17:00Z,3.0,2.0,0.8166666666666667,56921.666666666664,96500,20062.500000000000,71100,97,85,12,96,532200.00,226800.00,759000.00,514415.8333333334,0.6777547211242864,629896.9387755103,5303.256013745705,5358.49826388889
136387,2017-01-19T10:05:00Z,1.0,19.0,4.0,2017-01-19T11:45:00Z,Moscow,Boeing 737-300,2400,2017-01-19T10:08:00Z,2017-01-19T11:47:00Z,3.0,2.0,1.65,162360.0,182500,26750.000000000000,84225,130,118,12,121,1335800.00,439200.00,1775000.00,1319165.0,0.7431915492957747,799493.9393939395,10147.423076923076,10902.190082644629
136887,2017-01-20T09:25:00Z,1.0,20.0,5.0,2017-01-20T10:15:00Z,Belgorod,Sukhoi Superjet-100,1700,2017-01-20T09:30:00Z,2017-01-20T10:19:00Z,5.0,4.0,0.8166666666666667,56921.666666666664,96500,20062.500000000000,54750,97,85,12,78,444000.00,151200.00,595200.00,366965.8333333334,0.6165420586917564,449345.918367347,3783.1529209622,4704.690170940172
136463,2017-01-20T10:05:00Z,1.0,20.0,5.0,2017-01-20T11:45:00Z,Moscow,Boeing 737-300,2400,2017-01-20T10:06:00Z,2017-01-20T11:45:00Z,1.0,0.0,1.65,162360.0,182500,26750.000000000000,84750,130,118,12,122,1349200.00,439200.00,1788400.00,1332040.0,0.7448221874301051,807296.9696969697,10246.461538461539,10918.360655737704
136755,2017-01-21T09:25:00Z,1.0,21.0,6.0,2017-01-21T10:15:00Z,Belgorod,Sukhoi Superjet-100,1700,2017-01-21T09:30:00Z,2017-01-21T10:20:00Z,5.0,5.0,0.8333333333333334,58083.333333333336,96500,20062.500000000000,71625,97,85,12,97,538500.00,226800.00,765300.00,519029.1666666666,0.6782035367394049,622834.9999999999,5350.816151202749,5350.816151202749
136428,2017-01-21T10:05:00Z,1.0,21.0,6.0,2017-01-21T11:45:00Z,Moscow,Boeing 737-300,2400,2017-01-21T10:08:00Z,2017-01-21T11:47:00Z,3.0,2.0,1.65,162360.0,182500,26750.000000000000,79350,130,118,12,115,1276000.00,402600.00,1678600.00,1227640.0,0.7313475515310378,744024.2424242424,9443.384615384615,10675.130434782608
136927,2017-01-22T09:25:00Z,1.0,22.0,0.0,2017-01-22T10:15:00Z,Belgorod,Sukhoi Superjet-100,1700,2017-01-22T09:28:00Z,2017-01-22T10:19:00Z,3.0,4.0,0.85,59245.0,96500,20062.500000000000,71625,97,85,12,97,538500.00,226800.00,765300.00,517867.5,0.6766856134849079,609255.8823529412,5338.840206185567,5338.840206185567
136310,2017-01-22T10:05:00Z,1.0,22.0,0.0,2017-01-22T11:45:00Z,Moscow,Boeing 737-300,2400,2017-01-22T10:07:00Z,2017-01-22T11:47:00Z,2.0,2.0,1.6666666666666667,164000.0,182500,26750.000000000000,76950,130,118,12,117,1324800.00,329400.00,1654200.00,1204000.0,0.7278442751783339,722400.0,9261.538461538461,10290.598290598291
136767,2017-01-23T09:25:00Z,1.0,23.0,1.0,2017-01-23T10:15:00Z,Belgorod,Sukhoi Superjet-100,1700,2017-01-23T09:27:00Z,2017-01-23T10:18:00Z,2.0,3.0,0.85,59245.0,96500,20062.500000000000,60825,97,85,12,83,462300.00,189000.00,651300.00,414667.5,0.6366766467065869,487844.11764705885,4274.922680412371,4995.993975903614
136293,2017-01-23T10:05:00Z,1.0,23.0,1.0,2017-01-23T11:45:00Z,Moscow,Boeing 737-300,2400,2017-01-23T10:09:00Z,2017-01-23T11:48:00Z,4.0,3.0,1.65,162360.0,182500,26750.000000000000,80550,130,118,12,114,1250400.00,439200.00,1689600.00,1237440.0,0.7323863636363637,749963.6363636364,9518.76923076923,10854.736842105263
136560,2017-01-24T06:10:00Z,1.0,24.0,2.0,2017-01-24T11:15:00Z,Novokuznetsk,Boeing 737-300,2400,2017-01-24T06:13:00Z,2017-01-24T11:18:00Z,3.0,3.0,5.083333333333333,500200.0,365300,61500,0,130,118,12,0,0,0,0,-927000.0,0.0,0.0,0.0,0.0
136838,2017-01-24T09:25:00Z,1.0,24.0,2.0,2017-01-24T10:15:00Z,Belgorod,Sukhoi Superjet-100,1700,2017-01-24T09:30:00Z,2017-01-24T10:21:00Z,5.0,6.0,0.85,59245.0,96500,20062.500000000000,62400,97,85,12,86,481200.00,189000.00,670200.00,431992.5,0.644572515666965,508226.4705882353,4453.530927835051,5023.168604651163
136345,2017-01-24T10:05:00Z,1.0,24.0,2.0,2017-01-24T11:45:00Z,Moscow,Boeing 737-300,2400,2017-01-24T13:32:00Z,2017-01-24T15:12:00Z,27.0,27.0,1.6666666666666667,164000.0,182500,26750.000000000000,70500,130,118,12,108,1224800.00,292800.00,1517600.00,1073850.0,0.7075975224037955,644310.0,8260.384615384615,9943.055555555555
136571,2017-01-25T09:25:00Z,1.0,25.0,3.0,2017-01-25T10:15:00Z,Belgorod,Sukhoi Superjet-100,1700,2017-01-25T09:28:00Z,2017-01-25T10:18:00Z,3.0,3.0,0.8333333333333334,58083.333333333336,96500,20062.500000000000,70575,97,85,12,95,525900.00,226800.00,752700.00,507479.1666666666,0.6742117266728666,608974.9999999999,5231.743986254295,5341.8859649122805
136383,2017-01-25T10:05:00Z,1.0,25.0,3.0,2017-01-25T11:45:00Z,Moscow,Boeing 737-300,2400,2017-01-25T10:09:00Z,2017-01-25T11:51:00Z,4.0,6.0,1.7,167280.0,182500,26750.000000000000,69450,130,118,12,106,1200400.00,292800.00,1493200.00,1047220.0,0.7013260112510046,616011.7647058824,8055.538461538462,9879.433962264151
136720,2017-01-26T09:25:00Z,1.0,26.0,4.0,2017-01-26T10:15:00Z,Belgorod,Sukhoi Superjet-100,1700,2017-01-26T09:29:00Z,2017-01-26T10:19:00Z,4.0,4.0,0.8333333333333334,58083.333333333336,96500,20062.500000000000,70575,97,85,12,95,525900.00,226800.00,752700.00,507479.1666666666,0.6742117266728666,608974.9999999999,5231.743986254295,5341.8859649122805
136436,2017-01-26T10:05:00Z,1.0,26.0,4.0,2017-01-26T11:45:00Z,Moscow,Boeing 737-300,2400,2017-01-26T10:08:00Z,2017-01-26T11:47:00Z,3.0,2.0,1.65,162360.0,182500,26750.000000000000,85800,130,118,12,124,1372400.00,439200.00,1811600.00,1354190.0,0.7475104879664385,820721.2121212122,10416.846153846154,10920.887096774193
136757,2017-01-27T09:25:00Z,1.0,27.0,5.0,2017-01-27T10:15:00Z,Belgorod,Sukhoi Superjet-100,1700,2017-01-27T09:30:00Z,2017-01-27T10:19:00Z,5.0,4.0,0.8166666666666667,56921.666666666664,96500,20062.500000000000,71625,97,85,12,97,538500.00,226800.00,765300.00,520190.8333333334,0.6797214599939022,636968.3673469388,5362.792096219931,5362.792096219931
136485,2017-01-27T10:05:00Z,1.0,27.0,5.0,2017-01-27T11:45:00Z,Moscow,Boeing 737-300,2400,2017-01-27T10:07:00Z,2017-01-27T11:47:00Z,2.0,2.0,1.6666666666666667,164000.0,182500,26750.000000000000,71175,130,118,12,106,1190600.00,329400.00,1520000.00,1075575.0,0.7076151315789474,645345.0,8273.653846153846,10146.933962264151
136678,2017-01-28T09:25:00Z,1.0,28.0,6.0,2017-01-28T10:15:00Z,Belgorod,Sukhoi Superjet-100,1700,2017-01-28T09:27:00Z,2017-01-28T10:17:00Z,2.0,2.0,0.8333333333333334,58083.333333333336,96500,20062.500000000000,59250,97,85,12,80,442200.00,189000.00,631200.00,397304.1666666666,0.6294425961132234,476764.99999999994,4095.919243986254,4966.302083333333
136131,2017-01-28T10:05:00Z,1.0,28.0,6.0,2017-01-28T11:45:00Z,Moscow,Boeing 737-300,2400,2017-01-28T10:07:00Z,2017-01-28T11:46:00Z,2.0,1.0,1.65,162360.0,182500,26750.000000000000,85800,130,118,12,124,1373600.00,439200.00,1812800.00,1355390.0,0.7476776257722859,821448.4848484849,10426.076923076924,10930.564516129032
136729,2017-01-29T09:25:00Z,1.0,29.0,0.0,2017-01-29T10:15:00Z,Belgorod,Sukhoi Superjet-100,1700,2017-01-29T09:29:00Z,2017-01-29T10:19:00Z,4.0,4.0,0.8333333333333334,58083.333333333336,96500,20062.500000000000,65175,97,85,12,88,487500.00,207900.00,695400.00,455579.1666666666,0.6551325376282235,546694.9999999999,4696.692439862542,5177.035984848484
136178,2017-01-29T10:05:00Z,1.0,29.0,0.0,2017-01-29T11:45:00Z,Moscow,Boeing 737-300,2400,2017-01-29T10:10:00Z,2017-01-29T11:49:00Z,5.0,4.0,1.65,162360.0,182500,26750.000000000000,67500,130,118,12,99,1105200.00,329400.00,1434600.00,995490.0,0.6939146800501882,603327.2727272727,7657.615384615385,10055.454545454546
136642,2017-01-30T09:25:00Z,1.0,30.0,1.0,2017-01-30T10:15:00Z,Belgorod,Sukhoi Superjet-100,1700,2017-01-30T09:28:00Z,2017-01-30T10:17:00Z,3.0,2.0,0.8166666666666667,56921.666666666664,96500,20062.500000000000,50850,97,85,12,64,342000.00,189000.00,531000.00,306665.8333333333,0.5775251098556183,375509.18367346935,3161.5034364261164,4791.653645833333
136226,2017-01-30T10:05:00Z,1.0,30.0,1.0,2017-01-30T11:45:00Z,Moscow,Boeing 737-300,2400,2017-01-30T10:08:00Z,2017-01-30T11:48:00Z,3.0,3.0,1.6666666666666667,164000.0,182500,26750.000000000000,88950,130,118,12,130,1446800.00,439200.00,1886000.00,1423800.0,0.7549310710498409,854280.0,10952.307692307691,10952.307692307691
136544,2017-01-31T06:10:00Z,1.0,31.0,2.0,2017-01-31T11:15:00Z,Novokuznetsk,Boeing 737-300,2400,2017-01-31T06:10:00Z,2017-01-31T11:14:00Z,0.0,-1.0,5.066666666666666,498560.0,365300,61500,0,130,118,12,0,0,0,0,-925360.0,0.0,0.0,0.0,0.0
136869,2017-01-31T09:25:00Z,1.0,31.0,2.0,2017-01-31T10:15:00Z,Belgorod,Sukhoi Superjet-100,1700,2017-01-31T09:26:00Z,2017-01-31T10:16:00Z,1.0,1.0,0.8333333333333334,58083.333333333336,96500,20062.500000000000,71625,97,85,12,97,538500.00,226800.00,765300.00,519029.1666666666,0.6782035367394049,622834.9999999999,5350.816151202749,5350.816151202749
136181,2017-01-31T10:05:00Z,1.0,31.0,2.0,2017-01-31T11:45:00Z,Moscow,Boeing 737-300,2400,2017-01-31T10:05:00Z,2017-01-31T11:44:00Z,0.0,-1.0,1.65,162360.0,182500,26750.000000000000,79200,130,118,12,118,1323600.00,366000.00,1689600.00,1238790.0,0.7331853693181818,750781.8181818182,9529.153846153846,10498.22033898305
136900,2017-02-01T09:25:00Z,2.0,1.0,3.0,2017-02-01T10:15:00Z,Belgorod,Sukhoi Superjet-100,1700,2017-02-01T09:30:00Z,2017-02-01T10:21:00Z,5.0,6.0,0.85,56355.0,96500,20062.500000000000,71625,97,85,12,97,538500.00,226800.00,765300.00,520757.5,0.6804619103619496,612655.8823529412,5368.634020618557,5368.634020618557
136135,2017-02-01T10:05:00Z,2.0,1.0,3.0,2017-02-01T11:45:00Z,Moscow,Boeing 737-300,2400,2017-02-01T10:08:00Z,2017-02-01T11:48:00Z,3.0,3.0,1.6666666666666667,156000.0,182500,26750.000000000000,79350,130,118,12,115,1276000.00,402600.00,1678600.00,1234000.0,0.7351364232098178,740400.0,9492.307692307691,10730.434782608696
136951,2017-02-02T09:25:00Z,2.0,2.0,4.0,2017-02-02T10:15:00Z,Belgorod,Sukhoi Superjet-100,1700,2017-02-02T09:28:00Z,2017-02-02T10:17:00Z,3.0,2.0,0.8166666666666667,54145.0,96500,20062.500000000000,67950,97,85,12,90,493800.00,226800.00,720600.00,481942.5,0.6688072439633639,590133.6734693878,4968.479381443299,5354.916666666667
136486,2017-02-02T10:05:00Z,2.0,2.0,4.0,2017-02-02T11:45:00Z,Moscow,Boeing 737-300,2400,2017-02-02T10:07:00Z,2017-02-02T11:48:00Z,2.0,3.0,1.6833333333333333,157560.0,182500,26750.000000000000,69975,130,118,12,107,1212600.00,292800.00,1505400.00,1068615.0,0.7098545237146273,634820.792079208,8220.115384615385,9987.056074766355
136672,2017-02-03T09:25:00Z,2.0,3.0,5.0,2017-02-03T10:15:00Z,Belgorod,Sukhoi Superjet-100,1700,2017-02-03T09:28:00Z,2017-02-03T10:18:00Z,3.0,3.0,0.8333333333333334,55250.0,96500,20062.500000000000,71100,97,85,12,96,532200.00,226800.00,759000.00,516087.5,0.6799571805006588,619305.0,5320.48969072165,5375.911458333333
136441,2017-02-03T10:05:00Z,2.0,3.0,5.0,2017-02-03T11:45:00Z,Moscow,Boeing 737-300,2400,2017-02-03T10:07:00Z,2017-02-03T11:47:00Z,2.0,2.0,1.6666666666666667,156000.0,182500,26750.000000000000,86175,130,118,12,128,1434600.00,402600.00,1837200.00,1385775.0,0.7542864141084259,831465.0,10659.807692307691,10826.3671875
136956,2017-02-04T09:25:00Z,2.0,4.0,6.0,2017-02-04T10:15:00Z,Belgorod,Sukhoi Superjet-100,1700,2017-02-04T09:33:00Z,2017-02-04T10:23:00Z,8.0,8.0,0.8333333333333334,55250.0,96500,20062.500000000000,69375,97,85,12,96,538500.00,207900.00,746400.00,505212.5,0.6768656216505895,606255.0,5208.376288659794,5262.630208333333
136411,2017-02-04T10:05:00Z,2.0,4.0,6.0,2017-02-04T11:45:00Z,Moscow,Boeing 737-300,2400,2017-02-04T10:06:00Z,2017-02-04T11:46:00Z,1.0,1.0,1.6666666666666667,156000.0,182500,26750.000000000000,75000,130,118,12,110,1224800.00,366000.00,1590800.00,1150550.0,0.723252451596681,690330.0,8850.384615384615,10459.545454545454
136823,2017-02-05T09:25:00Z,2.0,5.0,0.0,2017-02-05T10:15:00Z,Belgorod,Sukhoi Superjet-100,1700,2017-02-05T09:27:00Z,2017-02-05T10:18:00Z,2.0,3.0,0.85,56355.0,96500,20062.500000000000,58200,97,85,12,78,431400.00,189000.00,620400.00,389282.5,0.6274701805286912,457979.4117647059,4013.221649484536,4990.801282051282
136360,2017-02-05T10:05:00Z,2.0,5.0,0.0,2017-02-05T11:45:00Z,Moscow,Boeing 737-300,2400,2017-02-05T10:08:00Z,2017-02-05T11:48:00Z,3.0,3.0,1.6666666666666667,156000.0,182500,26750.000000000000,69900,130,118,12,97,1052800.00,402600.00,1455400.00,1020250.0,0.7010100316064313,612150.0,7848.076923076923,10518.041237113403
136754,2017-02-06T09:25:00Z,2.0,6.0,1.0,2017-02-06T10:15:00Z,Belgorod,Sukhoi Superjet-100,1700,2017-02-06T09:29:00Z,2017-02-06T10:18:00Z,4.0,3.0,0.8166666666666667,54145.0,96500,20062.500000000000,67950,97,85,12,90,494400.00,226800.00,721200.00,482542.5,0.669082778702163,590868.3673469388,4974.664948453608,5361.583333333333
136322,2017-02-06T10:05:00Z,2.0,6.0,1.0,2017-02-06T11:45:00Z,Moscow,Boeing 737-300,2400,2017-02-06T10:11:00Z,2017-02-06T11:52:00Z,6.0,7.0,1.6833333333333333,157560.0,182500,26750.000000000000,73950,130,118,12,108,1201600.00,366000.00,1567600.00,1126840.0,0.7188313345241133,669409.900990099,8668.0,10433.703703703704
136514,2017-02-07T06:10:00Z,2.0,7.0,2.0,2017-02-07T11:15:00Z,Novokuznetsk,Boeing 737-300,2400,2017-02-07T06:14:00Z,2017-02-07T11:13:00Z,4.0,-2.0,4.983333333333333,466440.0,365300,61500,0,130,118,12,0,0,0,0,-893240.0,0.0,0.0,0.0,0.0
136841,2017-02-07T09:25:00Z,2.0,7.0,2.0,2017-02-07T10:15:00Z,Belgorod,Sukhoi Superjet-100,1700,2017-02-07T09:25:00Z,2017-02-07T10:16:00Z,0.0,1.0,0.85,56355.0,96500,20062.500000000000,71625,97,85,12,97,538500.00,226800.00,765300.00,520757.5,0.6804619103619496,612655.8823529412,5368.634020618557,5368.634020618557
136284,2017-02-07T10:05:00Z,2.0,7.0,2.0,2017-02-07T11:45:00Z,Moscow,Boeing 737-300,2400,2017-02-07T10:07:00Z,2017-02-07T11:48:00Z,2.0,3.0,1.6833333333333333,157560.0,182500,26750.000000000000,78675,130,118,12,117,1311400.00,366000.00,1677400.00,1231915.0,0.7344193394539168,731830.6930693069,9476.26923076923,10529.188034188035
136600,2017-02-08T09:25:00Z,2.0,8.0,3.0,2017-02-08T10:15:00Z,Belgorod,Sukhoi Superjet-100,1700,2017-02-08T09:26:00Z,2017-02-08T10:16:00Z,1.0,1.0,0.8333333333333334,55250.0,96500,20062.500000000000,71625,97,85,12,97,538500.00,226800.00,765300.00,521862.5,0.681905788579642,626235.0,5380.025773195876,5380.025773195876
136250,2017-02-08T10:05:00Z,2.0,8.0,3.0,2017-02-08T11:45:00Z,Moscow,Boeing 737-300,2400,2017-02-08T10:06:00Z,2017-02-08T11:47:00Z,1.0,2.0,1.6833333333333333,157560.0,182500,26750.000000000000,65775,130,118,12,99,1115000.00,292800.00,1407800.00,975215.0,0.6927226878818014,579335.6435643564,7501.653846153846,9850.656565656565
136666,2017-02-09T09:25:00Z,2.0,9.0,4.0,2017-02-09T10:15:00Z,Belgorod,Sukhoi Superjet-100,1700,2017-02-09T09:26:00Z,2017-02-09T10:16:00Z,1.0,1.0,0.8333333333333334,55250.0,96500,20062.500000000000,61200,97,85,12,87,494400.00,170100.00,664500.00,431487.5,0.6493416102332581,517785.0,4448.3247422680415,4959.626436781609
136146,2017-02-09T10:05:00Z,2.0,9.0,4.0,2017-02-09T11:45:00Z,Moscow,Boeing 737-300,2400,2017-02-09T10:08:00Z,2017-02-09T11:48:00Z,3.0,3.0,1.6666666666666667,156000.0,182500,26750.000000000000,76200,130,118,12,109,1201600.00,402600.00,1604200.00,1162750.0,0.7248161077172423,697650.0,8944.23076923077,10667.43119266055
136769,2017-02-10T09:25:00Z,2.0,10.0,5.0,2017-02-10T10:15:00Z,Belgorod,Sukhoi Superjet-100,1700,2017-02-10T09:30:00Z,2017-02-10T10:21:00Z,5.0,6.0,0.85,56355.0,96500,20062.500000000000,65175,97,85,12,88,488100.00,207900.00,696000.00,457907.5,0.6579130747126437,538714.705882353,4720.69587628866,5203.494318181818
136348,2017-02-10T10:05:00Z,2.0,10.0,5.0,2017-02-10T11:45:00Z,Moscow,Boeing 737-300,2400,2017-02-10T10:05:00Z,2017-02-10T11:45:00Z,0.0,0.0,1.6666666666666667,156000.0,182500,26750.000000000000,83700,130,118,12,120,1323600.00,439200.00,1762800.00,1313850.0,0.7453199455411845,788310.0,10106.538461538461,10948.75
136922,2017-02-11T09:25:00Z,2.0,11.0,6.0,2017-02-11T10:15:00Z,Belgorod,Sukhoi Superjet-100,1700,2017-02-11T09:27:00Z,2017-02-11T10:17:00Z,2.0,2.0,0.8333333333333334,55250.0,96500,20062.500000000000,57150,97,85,12,76,418800.00,189000.00,607800.00,378837.5,0.6232930240210596,454605.0,3905.541237113402,4984.703947368421
136269,2017-02-11T10:05:00Z,2.0,11.0,6.0,2017-02-11T11:45:00Z,Moscow,Boeing 737-300,2400,2017-02-11T10:13:00Z,2017-02-11T11:53:00Z,8.0,8.0,1.6666666666666667,156000.0,182500,26750.000000000000,76200,130,118,12,109,1202800.00,402600.00,1605400.00,1163950.0,0.7250218014202068,698370.0,8953.461538461539,10678.440366972478
136861,2017-02-12T09:25:00Z,2.0,12.0,0.0,2017-02-12T10:15:00Z,Belgorod,Sukhoi Superjet-100,1700,2017-02-12T09:28:00Z,2017-02-12T10:17:00Z,3.0,2.0,0.8166666666666667,54145.0,96500,20062.500000000000,64650,97,85,12,87,481200.00,207900.00,689100.00,453742.5,0.6584566826295167,555603.0612244898,4677.757731958763,5215.431034482759
136270,2017-02-12T10:05:00Z,2.0,12.0,0.0,2017-02-12T11:45:00Z,Moscow,Boeing 737-300,2400,2017-02-12T10:12:00Z,2017-02-12T11:51:00Z,7.0,6.0,1.65,154440.0,182500,26750.000000000000,77250,130,118,12,111,1226000.00,402600.00,1628600.00,1187660.0,0.729252118383888,719793.9393939395,9135.846153846154,10699.63963963964
136857,2017-02-13T09:25:00Z,2.0,13.0,1.0,2017-02-13T10:15:00Z,Belgorod,Sukhoi Superjet-100,1700,2017-02-13T09:31:00Z,2017-02-13T10:21:00Z,6.0,6.0,0.8333333333333334,55250.0,96500,20062.500000000000,71625,97,85,12,97,538500.00,226800.00,765300.00,521862.5,0.681905788579642,626235.0,5380.025773195876,5380.025773195876
136130,2017-02-13T10:05:00Z,2.0,13.0,1.0,2017-02-13T11:45:00Z,Moscow,Boeing 737-300,2400,2017-02-13T10:07:00Z,2017-02-13T11:46:00Z,2.0,1.0,1.65,154440.0,182500,26750.000000000000,73425,130,118,12,107,1190600.00,366000.00,1556600.00,1119485.0,0.7191860465116279,678475.7575757576,8611.423076923076,10462.476635514018
136567,2017-02-14T06:10:00Z,2.0,14.0,2.0,2017-02-14T11:15:00Z,Novokuznetsk,Boeing 737-300,2400,2017-02-14T06:12:00Z,2017-02-14T11:23:00Z,2.0,8.0,5.183333333333334,485160.0,365300,61500,0,130,118,12,0,0,0,0,-911960.0,0.0,0.0,0.0,0.0
136888,2017-02-14T09:25:00Z,2.0,14.0,2.0,2017-02-14T10:15:00Z,Belgorod,Sukhoi Superjet-100,1700,2017-02-14T09:29:00Z,2017-02-14T10:19:00Z,4.0,4.0,0.8333333333333334,55250.0,96500,20062.500000000000,58725,97,85,12,79,437100.00,189000.00,626100.00,395562.5,0.6317880530266731,474675.0,4077.963917525773,5007.120253164557
136249,2017-02-14T10:05:00Z,2.0,14.0,2.0,2017-02-14T11:45:00Z,Moscow,Boeing 737-300,2400,2017-02-14T10:08:00Z,2017-02-14T11:46:00Z,3.0,1.0,1.6333333333333333,152880.0,182500,26750.000000000000,85275,130,118,12,123,1361400.00,439200.00,1800600.00,1353195.0,0.7515244918360546,828486.7346938775,10409.192307692309,11001.585365853658
136605,2017-02-15T09:25:00Z,2.0,15.0,3.0,2017-02-15T10:15:00Z,Belgorod,Sukhoi Superjet-100,1700,2017-02-15T09:28:00Z,2017-02-15T10:19:00Z,3.0,4.0,0.85,56355.0,96500,20062.500000000000,71625,97,85,12,97,538500.00,226800.00,765300.00,520757.5,0.6804619103619496,612655.8823529412,5368.634020618557,5368.634020618557
136132,2017-02-15T10:05:00Z,2.0,15.0,3.0,2017-02-15T11:45:00Z,Moscow,Boeing 737-300,2400,2017-02-15T10:09:00Z,2017-02-15T11:48:00Z,4.0,3.0,1.65,154440.0,182500,26750.000000000000,81600,130,118,12,116,1274800.00,439200.00,1714000.00,1268710.0,0.7402042007001167,768915.1515151516,9759.307692307691,10937.155172413793
136875,2017-02-16T09:25:00Z,2.0,16.0,4.0,2017-02-16T10:15:00Z,Belgorod,Sukhoi Superjet-100,1700,2017-02-16T09:29:00Z,2017-02-16T10:19:00Z,4.0,4.0,0.8333333333333334,55250.0,96500,20062.500000000000,71625,97,85,12,97,538500.00,226800.00,765300.00,521862.5,0.681905788579642,626235.0,5380.025773195876,5380.025773195876
136268,2017-02-16T10:05:00Z,2.0,16.0,4.0,2017-02-16T11:45:00Z,Moscow,Boeing 737-300,2400,2017-02-16T10:08:00Z,2017-02-16T11:49:00Z,3.0,4.0,1.6833333333333333,157560.0,182500,26750.000000000000,79350,130,118,12,115,1273600.00,402600.00,1676200.00,1230040.0,0.7338265123493617,730716.8316831683,9461.846153846154,10696.0
136620,2017-02-17T09:25:00Z,2.0,17.0,5.0,2017-02-17T10:15:00Z,Belgorod,Sukhoi Superjet-100,1700,2017-02-17T09:30:00Z,2017-02-17T10:19:00Z,5.0,4.0,0.8166666666666667,54145.0,96500,20062.500000000000,57000,97,85,12,79,443400.00,170100.00,613500.00,385792.5,0.628838630806846,472398.97959183675,3977.242268041237,4883.449367088608
136452,2017-02-17T10:05:00Z,2.0,17.0,5.0,2017-02-17T11:45:00Z,Moscow,Boeing 737-300,2400,2017-02-17T10:08:00Z,2017-02-17T11:48:00Z,3.0,3.0,1.6666666666666667,156000.0,182500,26750.000000000000,76200,130,118,12,109,1200400.00,402600.00,1603000.00,1161550.0,0.7246101060511541,696930.0,8935.0,10656.422018348623
136827,2017-02-18T09:25:00Z,2.0,18.0,6.0,2017-02-18T10:15:00Z,Belgorod,Sukhoi Superjet-100,1700,2017-02-18T09:26:00Z,2017-02-18T10:17:00Z,1.0,2.0,0.85,56355.0,96500,20062.500000000000,71625,97,85,12,97,538500.00,226800.00,765300.00,520757.5,0.6804619103619496,612655.8823529412,5368.634020618557,5368.634020618557
136264,2017-02-18T10:05:00Z,2.0,18.0,6.0,2017-02-18T11:45:00Z,Moscow,Boeing 737-300,2400,2017-02-18T10:07:00Z,2017-02-18T11:47:00Z,2.0,2.0,1.6666666666666667,156000.0,182500,26750.000000000000,79875,130,118,12,116,1288200.00,402600.00,1690800.00,1245675.0,0.736737047551455,747405.0,9582.115384615385,10738.577586206897
136815,2017-02-19T09:25:00Z,2.0,19.0,0.0,2017-02-19T10:15:00Z,Belgorod,Sukhoi Superjet-100,1700,2017-02-19T09:26:00Z,2017-02-19T10:17:00Z,1.0,2.0,0.85,56355.0,96500,20062.500000000000,71625,97,85,12,97,538500.00,226800.00,765300.00,520757.5,0.6804619103619496,612655.8823529412,5368.634020618557,5368.634020618557
136320,2017-02-19T10:05:00Z,2.0,19.0,0.0,2017-02-19T11:45:00Z,Moscow,Boeing 737-300,2400,2017-02-19T10:05:00Z,2017-02-19T11:45:00Z,0.0,0.0,1.6666666666666667,156000.0,182500,26750.000000000000,72900,130,118,12,106,1178400.00,366000.00,1544400.00,1106250.0,0.7162975912975913,663750.0,8509.615384615385,10436.32075471698
136660,2017-02-20T09:25:00Z,2.0,20.0,1.0,2017-02-20T10:15:00Z,Belgorod,Sukhoi Superjet-100,1700,2017-02-20T09:26:00Z,2017-02-20T10:15:00Z,1.0,0.0,0.8166666666666667,54145.0,96500,20062.500000000000,62925,97,85,12,87,488100.00,189000.00,677100.00,443467.5,0.654951262738148,543021.4285714286,4571.829896907217,5097.327586206897
136403,2017-02-20T10:05:00Z,2.0,20.0,1.0,2017-02-20T11:45:00Z,Moscow,Boeing 737-300,2400,2017-02-20T10:06:00Z,2017-02-20T11:46:00Z,1.0,1.0,1.6666666666666667,156000.0,182500,26750.000000000000,88425,130,118,12,129,1434600.00,439200.00,1873800.00,1420125.0,0.757885046429715,852075.0,10924.038461538461,11008.720930232557
136511,2017-02-21T06:10:00Z,2.0,21.0,2.0,2017-02-21T11:15:00Z,Novokuznetsk,Boeing 737-300,2400,2017-02-21T06:15:00Z,2017-02-21T11:25:00Z,5.0,10.0,5.166666666666667,483600.0,365300,61500,0,130,118,12,0,0,0,0,-910400.0,0.0,0.0,0.0,0.0
136612,2017-02-21T09:25:00Z,2.0,21.0,2.0,2017-02-21T10:15:00Z,Belgorod,Sukhoi Superjet-100,1700,2017-02-21T09:27:00Z,2017-02-21T10:17:00Z,2.0,2.0,0.8333333333333334,55250.0,96500,20062.500000000000,70050,97,85,12,94,519600.00,226800.00,746400.00,504537.5,0.6759612808145766,605445.0,5201.417525773196,5367.420212765957
136479,2017-02-21T10:05:00Z,2.0,21.0,2.0,2017-02-21T11:45:00Z,Moscow,Boeing 737-300,2400,2017-02-21T10:08:00Z,2017-02-21T11:47:00Z,3.0,2.0,1.65,154440.0,182500,26750.000000000000,81300,130,118,12,122,1372400.00,366000.00,1738400.00,1293410.0,0.7440232397606995,783884.8484848485,9949.307692307691,10601.72131147541
136778,2017-02-22T09:25:00Z,2.0,22.0,3.0,2017-02-22T10:15:00Z,Belgorod,Sukhoi Superjet-100,1700,2017-02-22T09:26:00Z,2017-02-22T10:16:00Z,1.0,1.0,0.8333333333333334,55250.0,96500,20062.500000000000,71100,97,85,12,96,532200.00,226800.00,759000.00,516087.5,0.6799571805006588,619305.0,5320.48969072165,5375.911458333333
136165,2017-02-22T10:05:00Z,2.0,22.0,3.0,2017-02-22T11:45:00Z,Moscow,Boeing 737-300,2400,2017-02-22T10:11:00Z,2017-02-22T11:52:00Z,6.0,7.0,1.6833333333333333,157560.0,182500,26750.000000000000,73275,130,118,12,110,1238200.00,329400.00,1567600.00,1127515.0,0.7192619290635366,669810.8910891089,8673.192307692309,10250.136363636364
136807,2017-02-23T09:25:00Z,2.0,23.0,4.0,2017-02-23T10:15:00Z,Belgorod,Sukhoi Superjet-100,1700,2017-02-23T09:28:00Z,2017-02-23T10:18:00Z,3.0,3.0,0.8333333333333334,55250.0,96500,20062.500000000000,49500,97,85,12,68,379800.00,151200.00,531000.00,309687.5,0.5832156308851224,371625.0,3192.6546391752577,4554.22794117647
136204,2017-02-23T10:05:00Z,2.0,23.0,4.0,2017-02-23T11:45:00Z,Moscow,Boeing 737-300,2400,2017-02-23T10:06:00Z,2017-02-23T11:46:00Z,1.0,1.0,1.6666666666666667,156000.0,182500,26750.000000000000,66525,130,118,12,107,1238200.00,219600.00,1457800.00,1026025.0,0.7038173960762794,615615.0,7892.5,9589.018691588784
136780,2017-02-24T09:25:00Z,2.0,24.0,5.0,2017-02-24T10:15:00Z,Belgorod,Sukhoi Superjet-100,1700,2017-02-24T09:30:00Z,2017-02-24T10:20:00Z,5.0,5.0,0.8333333333333334,55250.0,96500,20062.500000000000,67425,97,85,12,89,488100.00,226800.00,714900.00,475662.5,0.6653552944467758,570795.0,4903.737113402062,5344.5224719101125
136120,2017-02-24T10:05:00Z,2.0,24.0,5.0,2017-02-24T11:45:00Z,Moscow,Boeing 737-300,2400,2017-02-24T10:07:00Z,2017-02-24T11:46:00Z,2.0,1.0,1.65,154440.0,182500,26750.000000000000,76200,130,118,12,109,1202800.00,402600.00,1605400.00,1165510.0,0.72599352186371,706369.696969697,8965.461538461539,10692.752293577982
136630,2017-02-25T09:25:00Z,2.0,25.0,6.0,2017-02-25T10:15:00Z,Belgorod,Sukhoi Superjet-100,1700,2017-02-25T09:32:00Z,2017-02-25T10:22:00Z,7.0,7.0,0.8333333333333334,55250.0,96500,20062.500000000000,70050,97,85,12,94,519600.00,226800.00,746400.00,504537.5,0.6759612808145766,605445.0,5201.417525773196,5367.420212765957
136439,2017-02-25T10:05:00Z,2.0,25.0,6.0,2017-02-25T11:45:00Z,Moscow,Boeing 737-300,2400,2017-02-25T10:08:00Z,2017-02-25T11:48:00Z,3.0,3.0,1.6666666666666667,156000.0,182500,26750.000000000000,80400,130,118,12,117,1299200.00,402600.00,1701800.00,1256150.0,0.7381302150664003,753690.0,9662.692307692309,10736.324786324787
136802,2017-02-26T09:25:00Z,2.0,26.0,0.0,2017-02-26T10:15:00Z,Belgorod,Sukhoi Superjet-100,1700,2017-02-26T09:32:00Z,2017-02-26T10:22:00Z,7.0,7.0,0.8333333333333334,55250.0,96500,20062.500000000000,69375,97,85,12,96,538500.00,207900.00,746400.00,505212.5,0.6768656216505895,606255.0,5208.376288659794,5262.630208333333
136351,2017-02-26T10:05:00Z,2.0,26.0,0.0,2017-02-26T11:45:00Z,Moscow,Boeing 737-300,2400,2017-02-26T10:13:00Z,2017-02-26T11:53:00Z,8.0,8.0,1.6666666666666667,156000.0,182500,26750.000000000000,74100,130,118,12,105,1152800.00,402600.00,1555400.00,1116050.0,0.7175324675324676,669630.0,8585.0,10629.047619047618
136953,2017-02-27T09:25:00Z,2.0,27.0,1.0,2017-02-27T10:15:00Z,Belgorod,Sukhoi Superjet-100,1700,2017-02-27T09:27:00Z,2017-02-27T10:17:00Z,2.0,2.0,0.8333333333333334,55250.0,96500,20062.500000000000,71625,97,85,12,97,538500.00,226800.00,765300.00,521862.5,0.681905788579642,626235.0,5380.025773195876,5380.025773195876
136266,2017-02-27T10:05:00Z,2.0,27.0,1.0,2017-02-27T11:45:00Z,Moscow,Boeing 737-300,2400,2017-02-27T10:08:00Z,2017-02-27T11:48:00Z,3.0,3.0,1.6666666666666667,156000.0,182500,26750.000000000000,73950,130,118,12,108,1200400.00,366000.00,1566400.00,1127200.0,0.719611848825332,676320.0,8670.76923076923,10437.037037037036
136513,2017-02-28T06:10:00Z,2.0,28.0,2.0,2017-02-28T11:15:00Z,Novokuznetsk,Boeing 737-300,2400,2017-02-28T06:13:00Z,2017-02-28T11:23:00Z,3.0,8.0,5.166666666666667,483600.0,365300,61500,0,130,118,12,0,0,0,0,-910400.0,0.0,0.0,0.0,0.0
136844,2017-02-28T09:25:00Z,2.0,28.0,2.0,2017-02-28T10:15:00Z,Belgorod,Sukhoi Superjet-100,1700,2017-02-28T09:26:00Z,2017-02-28T10:16:00Z,1.0,1.0,0.8333333333333334,55250.0,96500,20062.500000000000,51825,97,85,12,79,461700.00,113400.00,575100.00,351462.5,0.6111328464614849,421755.0,3623.324742268041,4448.892405063291
136215,2017-02-28T10:05:00Z,2.0,28.0,2.0,2017-02-28T11:45:00Z,Moscow,Boeing 737-300,2400,2017-02-28T10:09:00Z,2017-02-28T11:49:00Z,4.0,4.0,1.6666666666666667,156000.0,182500,26750.000000000000,78825,130,118,12,114,1261400.00,402600.00,1664000.00,1219925.0,0.7331280048076924,731955.0,9384.038461538461,10701.09649122807
